author,books,similarity
Plato,9,0.424419
Tolstoy,10,0.38258064
Dickens,9,0.36876392
Nietzsche,10,0.35306567
Thoreau,10,0.34847564
Dostoyevsky,1,0.31062052
Butler,1,0.29583782
Darwin,9,0.2871705
Marcus Aurelius,5,0.28081
Bronte,6,0.2755071
Austen,10,0.2627152
Gaskell,2,0.25681695
